filename,psnr,ssim
51.png,17.7080,0.46466
52.png,17.4481,0.32748
53.png,22.9118,0.67555
54.png,16.4238,0.68880
55.png,17.3217,0.68998
